judge_model,model_id,model_label,condition,dimension,mean_score,sd_score,n_scores
anthropic/claude-opus-4-8,deepseek-ai/DeepSeek-V3.1,DeepSeek-V3.1,scaffold_DeepSeek-V3.1,general_accuracy_specificity,4.428571428571429,0.5345224838248488,7
anthropic/claude-opus-4-8,deepseek-ai/DeepSeek-V3.1,DeepSeek-V3.1,scaffold_DeepSeek-V3.1,general_instruction_following,5.857142857142857,0.3779644730092272,7
anthropic/claude-opus-4-8,deepseek-ai/DeepSeek-V3.1,DeepSeek-V3.1,scaffold_DeepSeek-V3.1,general_organization_readability,7.0,0.5773502691896258,7
anthropic/claude-opus-4-8,deepseek-ai/DeepSeek-V3.1,DeepSeek-V3.1,scaffold_DeepSeek-V3.1,general_practical_usefulness,4.0,0.0,7
anthropic/claude-opus-4-8,deepseek-ai/DeepSeek-V3.1,DeepSeek-V3.1,scaffold_DeepSeek-V3.1,general_tone_audience_fit,6.857142857142857,0.6900655593423541,7
anthropic/claude-opus-4-8,deepseek-ai/DeepSeek-V3.1,DeepSeek-V3.1,scaffold_DeepSeek-V3.1,task_dimension_1,7.142857142857143,0.3779644730092273,7
anthropic/claude-opus-4-8,deepseek-ai/DeepSeek-V3.1,DeepSeek-V3.1,scaffold_DeepSeek-V3.1,task_dimension_2,6.428571428571429,0.7867957924694432,7
anthropic/claude-opus-4-8,deepseek-ai/DeepSeek-V3.1,DeepSeek-V3.1,scaffold_DeepSeek-V3.1,task_dimension_3,5.428571428571429,0.5345224838248488,7
anthropic/claude-opus-4-8,deepseek-ai/DeepSeek-V3.1,DeepSeek-V3.1,scaffold_DeepSeek-V3.1,task_dimension_4,3.7142857142857144,0.48795003647426655,7
anthropic/claude-opus-4-8,deepseek-ai/DeepSeek-V3.1,DeepSeek-V3.1,scaffold_DeepSeek-V3.1,task_dimension_5,7.0,0.816496580927726,7
anthropic/claude-opus-4-8,deepseek-ai/DeepSeek-V3.1,DeepSeek-V3.1,scaffold_DeepSeek-V3.1,task_dimension_6,7.142857142857143,0.3779644730092273,7
anthropic/claude-opus-4-8,google/gemini-3.1-pro,Gemini-3.1-Pro,scaffold_Gemini-3.1-Pro,general_accuracy_specificity,6.0,0.5773502691896257,7
anthropic/claude-opus-4-8,google/gemini-3.1-pro,Gemini-3.1-Pro,scaffold_Gemini-3.1-Pro,general_instruction_following,7.857142857142857,0.37796447300922725,7
anthropic/claude-opus-4-8,google/gemini-3.1-pro,Gemini-3.1-Pro,scaffold_Gemini-3.1-Pro,general_organization_readability,8.0,0.0,7
anthropic/claude-opus-4-8,google/gemini-3.1-pro,Gemini-3.1-Pro,scaffold_Gemini-3.1-Pro,general_practical_usefulness,6.857142857142857,0.6900655593423541,7
anthropic/claude-opus-4-8,google/gemini-3.1-pro,Gemini-3.1-Pro,scaffold_Gemini-3.1-Pro,general_tone_audience_fit,8.0,0.0,7
anthropic/claude-opus-4-8,google/gemini-3.1-pro,Gemini-3.1-Pro,scaffold_Gemini-3.1-Pro,task_dimension_1,8.0,0.0,7
anthropic/claude-opus-4-8,google/gemini-3.1-pro,Gemini-3.1-Pro,scaffold_Gemini-3.1-Pro,task_dimension_2,7.142857142857143,0.6900655593423541,7
anthropic/claude-opus-4-8,google/gemini-3.1-pro,Gemini-3.1-Pro,scaffold_Gemini-3.1-Pro,task_dimension_3,6.714285714285714,0.48795003647426655,7
anthropic/claude-opus-4-8,google/gemini-3.1-pro,Gemini-3.1-Pro,scaffold_Gemini-3.1-Pro,task_dimension_4,7.0,0.816496580927726,7
anthropic/claude-opus-4-8,google/gemini-3.1-pro,Gemini-3.1-Pro,scaffold_Gemini-3.1-Pro,task_dimension_5,7.142857142857143,0.3779644730092273,7
anthropic/claude-opus-4-8,google/gemini-3.1-pro,Gemini-3.1-Pro,scaffold_Gemini-3.1-Pro,task_dimension_6,7.857142857142857,0.37796447300922714,7
anthropic/claude-opus-4-8,gpt-4.1,GPT-4.1,scaffold_GPT-4.1,general_accuracy_specificity,7.0,0.5773502691896258,7
anthropic/claude-opus-4-8,gpt-4.1,GPT-4.1,scaffold_GPT-4.1,general_instruction_following,8.428571428571429,0.5345224838248488,7
anthropic/claude-opus-4-8,gpt-4.1,GPT-4.1,scaffold_GPT-4.1,general_organization_readability,7.571428571428571,0.5345224838248488,7
anthropic/claude-opus-4-8,gpt-4.1,GPT-4.1,scaffold_GPT-4.1,general_practical_usefulness,7.0,0.816496580927726,7
anthropic/claude-opus-4-8,gpt-4.1,GPT-4.1,scaffold_GPT-4.1,general_tone_audience_fit,8.0,0.0,7
anthropic/claude-opus-4-8,gpt-4.1,GPT-4.1,scaffold_GPT-4.1,task_dimension_1,8.0,0.0,7
anthropic/claude-opus-4-8,gpt-4.1,GPT-4.1,scaffold_GPT-4.1,task_dimension_2,7.857142857142857,0.6900655593423541,7
anthropic/claude-opus-4-8,gpt-4.1,GPT-4.1,scaffold_GPT-4.1,task_dimension_3,7.714285714285714,0.48795003647426655,7
anthropic/claude-opus-4-8,gpt-4.1,GPT-4.1,scaffold_GPT-4.1,task_dimension_4,7.0,0.816496580927726,7
anthropic/claude-opus-4-8,gpt-4.1,GPT-4.1,scaffold_GPT-4.1,task_dimension_5,7.714285714285714,0.48795003647426666,7
anthropic/claude-opus-4-8,gpt-4.1,GPT-4.1,scaffold_GPT-4.1,task_dimension_6,8.0,0.0,7
anthropic/claude-opus-4-8,gpt-5-mini-2025-08-07,GPT-5-Mini,scaffold_GPT-5-Mini,general_accuracy_specificity,6.571428571428571,0.5345224838248486,7
anthropic/claude-opus-4-8,gpt-5-mini-2025-08-07,GPT-5-Mini,scaffold_GPT-5-Mini,general_instruction_following,8.0,0.0,7
anthropic/claude-opus-4-8,gpt-5-mini-2025-08-07,GPT-5-Mini,scaffold_GPT-5-Mini,general_organization_readability,7.0,0.5773502691896258,7
anthropic/claude-opus-4-8,gpt-5-mini-2025-08-07,GPT-5-Mini,scaffold_GPT-5-Mini,general_practical_usefulness,6.714285714285714,1.1126972805283737,7
anthropic/claude-opus-4-8,gpt-5-mini-2025-08-07,GPT-5-Mini,scaffold_GPT-5-Mini,general_tone_audience_fit,7.285714285714286,0.48795003647426677,7
anthropic/claude-opus-4-8,gpt-5-mini-2025-08-07,GPT-5-Mini,scaffold_GPT-5-Mini,task_dimension_1,7.0,0.5773502691896258,7
anthropic/claude-opus-4-8,gpt-5-mini-2025-08-07,GPT-5-Mini,scaffold_GPT-5-Mini,task_dimension_2,6.714285714285714,0.48795003647426655,7
anthropic/claude-opus-4-8,gpt-5-mini-2025-08-07,GPT-5-Mini,scaffold_GPT-5-Mini,task_dimension_3,7.428571428571429,0.5345224838248488,7
anthropic/claude-opus-4-8,gpt-5-mini-2025-08-07,GPT-5-Mini,scaffold_GPT-5-Mini,task_dimension_4,6.714285714285714,1.1126972805283737,7
anthropic/claude-opus-4-8,gpt-5-mini-2025-08-07,GPT-5-Mini,scaffold_GPT-5-Mini,task_dimension_5,6.714285714285714,0.48795003647426655,7
anthropic/claude-opus-4-8,gpt-5-mini-2025-08-07,GPT-5-Mini,scaffold_GPT-5-Mini,task_dimension_6,7.571428571428571,0.5345224838248488,7
anthropic/claude-opus-4-8,o3-mini-2025-01-31,GPT-O3-Mini,scaffold_GPT-O3-Mini,general_accuracy_specificity,5.857142857142857,0.8997354108424372,7
anthropic/claude-opus-4-8,o3-mini-2025-01-31,GPT-O3-Mini,scaffold_GPT-O3-Mini,general_instruction_following,6.857142857142857,1.0690449676496976,7
anthropic/claude-opus-4-8,o3-mini-2025-01-31,GPT-O3-Mini,scaffold_GPT-O3-Mini,general_organization_readability,7.285714285714286,0.48795003647426666,7
anthropic/claude-opus-4-8,o3-mini-2025-01-31,GPT-O3-Mini,scaffold_GPT-O3-Mini,general_practical_usefulness,6.571428571428571,0.9759000729485331,7
anthropic/claude-opus-4-8,o3-mini-2025-01-31,GPT-O3-Mini,scaffold_GPT-O3-Mini,general_tone_audience_fit,7.428571428571429,0.5345224838248487,7
anthropic/claude-opus-4-8,o3-mini-2025-01-31,GPT-O3-Mini,scaffold_GPT-O3-Mini,task_dimension_1,7.285714285714286,0.48795003647426666,7
anthropic/claude-opus-4-8,o3-mini-2025-01-31,GPT-O3-Mini,scaffold_GPT-O3-Mini,task_dimension_2,6.0,0.816496580927726,7
anthropic/claude-opus-4-8,o3-mini-2025-01-31,GPT-O3-Mini,scaffold_GPT-O3-Mini,task_dimension_3,5.714285714285714,0.7559289460184544,7
anthropic/claude-opus-4-8,o3-mini-2025-01-31,GPT-O3-Mini,scaffold_GPT-O3-Mini,task_dimension_4,6.428571428571429,0.7867957924694432,7
anthropic/claude-opus-4-8,o3-mini-2025-01-31,GPT-O3-Mini,scaffold_GPT-O3-Mini,task_dimension_5,6.857142857142857,0.3779644730092273,7
anthropic/claude-opus-4-8,o3-mini-2025-01-31,GPT-O3-Mini,scaffold_GPT-O3-Mini,task_dimension_6,7.428571428571429,0.5345224838248487,7
anthropic/claude-opus-4-8,o4-mini-2025-04-16,GPT-O4-Mini,scaffold_GPT-O4-Mini,general_accuracy_specificity,5.714285714285714,0.48795003647426677,7
anthropic/claude-opus-4-8,o4-mini-2025-04-16,GPT-O4-Mini,scaffold_GPT-O4-Mini,general_instruction_following,7.428571428571429,0.5345224838248487,7
anthropic/claude-opus-4-8,o4-mini-2025-04-16,GPT-O4-Mini,scaffold_GPT-O4-Mini,general_organization_readability,7.142857142857143,0.3779644730092272,7
anthropic/claude-opus-4-8,o4-mini-2025-04-16,GPT-O4-Mini,scaffold_GPT-O4-Mini,general_practical_usefulness,6.0,0.0,7
anthropic/claude-opus-4-8,o4-mini-2025-04-16,GPT-O4-Mini,scaffold_GPT-O4-Mini,general_tone_audience_fit,7.571428571428571,0.5345224838248487,7
anthropic/claude-opus-4-8,o4-mini-2025-04-16,GPT-O4-Mini,scaffold_GPT-O4-Mini,task_dimension_1,7.428571428571429,0.5345224838248487,7
anthropic/claude-opus-4-8,o4-mini-2025-04-16,GPT-O4-Mini,scaffold_GPT-O4-Mini,task_dimension_2,6.428571428571429,0.7867957924694432,7
anthropic/claude-opus-4-8,o4-mini-2025-04-16,GPT-O4-Mini,scaffold_GPT-O4-Mini,task_dimension_3,5.714285714285714,0.48795003647426677,7
anthropic/claude-opus-4-8,o4-mini-2025-04-16,GPT-O4-Mini,scaffold_GPT-O4-Mini,task_dimension_4,5.571428571428571,0.5345224838248486,7
anthropic/claude-opus-4-8,o4-mini-2025-04-16,GPT-O4-Mini,scaffold_GPT-O4-Mini,task_dimension_5,7.0,0.0,7
anthropic/claude-opus-4-8,o4-mini-2025-04-16,GPT-O4-Mini,scaffold_GPT-O4-Mini,task_dimension_6,7.857142857142857,0.37796447300922725,7
anthropic/claude-opus-4-8,openai/gpt-oss-120b,GPT-OSS-120B,scaffold_GPT-OSS-120B,general_accuracy_specificity,6.285714285714286,0.7559289460184544,7
anthropic/claude-opus-4-8,openai/gpt-oss-120b,GPT-OSS-120B,scaffold_GPT-OSS-120B,general_instruction_following,7.714285714285714,0.4879500364742666,7
anthropic/claude-opus-4-8,openai/gpt-oss-120b,GPT-OSS-120B,scaffold_GPT-OSS-120B,general_organization_readability,6.857142857142857,0.37796447300922714,7
anthropic/claude-opus-4-8,openai/gpt-oss-120b,GPT-OSS-120B,scaffold_GPT-OSS-120B,general_practical_usefulness,6.142857142857143,0.6900655593423543,7
anthropic/claude-opus-4-8,openai/gpt-oss-120b,GPT-OSS-120B,scaffold_GPT-OSS-120B,general_tone_audience_fit,6.857142857142857,0.37796447300922714,7
anthropic/claude-opus-4-8,openai/gpt-oss-120b,GPT-OSS-120B,scaffold_GPT-OSS-120B,task_dimension_1,6.571428571428571,0.5345224838248488,7
anthropic/claude-opus-4-8,openai/gpt-oss-120b,GPT-OSS-120B,scaffold_GPT-OSS-120B,task_dimension_2,6.857142857142857,0.8997354108424372,7
anthropic/claude-opus-4-8,openai/gpt-oss-120b,GPT-OSS-120B,scaffold_GPT-OSS-120B,task_dimension_3,7.0,0.816496580927726,7
anthropic/claude-opus-4-8,openai/gpt-oss-120b,GPT-OSS-120B,scaffold_GPT-OSS-120B,task_dimension_4,6.142857142857143,0.6900655593423543,7
anthropic/claude-opus-4-8,openai/gpt-oss-120b,GPT-OSS-120B,scaffold_GPT-OSS-120B,task_dimension_5,6.714285714285714,0.48795003647426655,7
anthropic/claude-opus-4-8,openai/gpt-oss-120b,GPT-OSS-120B,scaffold_GPT-OSS-120B,task_dimension_6,7.0,0.5773502691896258,7
anthropic/claude-opus-4-8,plain,plain,plain,general_accuracy_specificity,5.714285714285714,0.48795003647426677,7
anthropic/claude-opus-4-8,plain,plain,plain,general_instruction_following,6.571428571428571,0.7867957924694431,7
anthropic/claude-opus-4-8,plain,plain,plain,general_organization_readability,6.428571428571429,0.5345224838248488,7
anthropic/claude-opus-4-8,plain,plain,plain,general_practical_usefulness,5.571428571428571,0.5345224838248488,7
anthropic/claude-opus-4-8,plain,plain,plain,general_tone_audience_fit,6.714285714285714,0.48795003647426666,7
anthropic/claude-opus-4-8,plain,plain,plain,task_dimension_1,6.142857142857143,0.3779644730092272,7
anthropic/claude-opus-4-8,plain,plain,plain,task_dimension_2,5.714285714285714,0.48795003647426677,7
anthropic/claude-opus-4-8,plain,plain,plain,task_dimension_3,6.142857142857143,0.37796447300922725,7
anthropic/claude-opus-4-8,plain,plain,plain,task_dimension_4,5.571428571428571,0.5345224838248488,7
anthropic/claude-opus-4-8,plain,plain,plain,task_dimension_5,6.714285714285714,0.48795003647426666,7
anthropic/claude-opus-4-8,plain,plain,plain,task_dimension_6,6.714285714285714,0.48795003647426666,7
deepseek-ai/DeepSeek-V3.1,anthropic/claude-opus-4-8,Claude-Opus-4.8,scaffold_Claude-Opus-4.8,general_accuracy_specificity,6.125,0.35355339059327373,8
deepseek-ai/DeepSeek-V3.1,anthropic/claude-opus-4-8,Claude-Opus-4.8,scaffold_Claude-Opus-4.8,general_instruction_following,7.5,0.7559289460184544,8
deepseek-ai/DeepSeek-V3.1,anthropic/claude-opus-4-8,Claude-Opus-4.8,scaffold_Claude-Opus-4.8,general_organization_readability,7.125,0.35355339059327373,8
deepseek-ai/DeepSeek-V3.1,anthropic/claude-opus-4-8,Claude-Opus-4.8,scaffold_Claude-Opus-4.8,general_practical_usefulness,5.875,0.6408699444616559,8
deepseek-ai/DeepSeek-V3.1,anthropic/claude-opus-4-8,Claude-Opus-4.8,scaffold_Claude-Opus-4.8,general_tone_audience_fit,7.375,0.5175491695067657,8
deepseek-ai/DeepSeek-V3.1,anthropic/claude-opus-4-8,Claude-Opus-4.8,scaffold_Claude-Opus-4.8,task_dimension_1,7.375,0.5175491695067657,8
deepseek-ai/DeepSeek-V3.1,anthropic/claude-opus-4-8,Claude-Opus-4.8,scaffold_Claude-Opus-4.8,task_dimension_2,6.25,0.7071067811865476,8
deepseek-ai/DeepSeek-V3.1,anthropic/claude-opus-4-8,Claude-Opus-4.8,scaffold_Claude-Opus-4.8,task_dimension_3,6.5,0.7559289460184544,8
deepseek-ai/DeepSeek-V3.1,anthropic/claude-opus-4-8,Claude-Opus-4.8,scaffold_Claude-Opus-4.8,task_dimension_4,5.375,0.5175491695067657,8
deepseek-ai/DeepSeek-V3.1,anthropic/claude-opus-4-8,Claude-Opus-4.8,scaffold_Claude-Opus-4.8,task_dimension_5,6.75,1.0350983390135313,8
deepseek-ai/DeepSeek-V3.1,anthropic/claude-opus-4-8,Claude-Opus-4.8,scaffold_Claude-Opus-4.8,task_dimension_6,7.25,0.4629100498862757,8
deepseek-ai/DeepSeek-V3.1,anthropic/claude-sonnet-4-6,Claude-Sonnet-4.6,scaffold_Claude-Sonnet-4.6,general_accuracy_specificity,7.0,0.9258200997725516,8
deepseek-ai/DeepSeek-V3.1,anthropic/claude-sonnet-4-6,Claude-Sonnet-4.6,scaffold_Claude-Sonnet-4.6,general_instruction_following,7.5,0.9258200997725514,8
deepseek-ai/DeepSeek-V3.1,anthropic/claude-sonnet-4-6,Claude-Sonnet-4.6,scaffold_Claude-Sonnet-4.6,general_organization_readability,7.5,0.5345224838248487,8
deepseek-ai/DeepSeek-V3.1,anthropic/claude-sonnet-4-6,Claude-Sonnet-4.6,scaffold_Claude-Sonnet-4.6,general_practical_usefulness,7.0,0.9258200997725516,8
deepseek-ai/DeepSeek-V3.1,anthropic/claude-sonnet-4-6,Claude-Sonnet-4.6,scaffold_Claude-Sonnet-4.6,general_tone_audience_fit,8.125,0.6408699444616559,8
deepseek-ai/DeepSeek-V3.1,anthropic/claude-sonnet-4-6,Claude-Sonnet-4.6,scaffold_Claude-Sonnet-4.6,task_dimension_1,8.125,0.8345229603962802,8
deepseek-ai/DeepSeek-V3.1,anthropic/claude-sonnet-4-6,Claude-Sonnet-4.6,scaffold_Claude-Sonnet-4.6,task_dimension_2,6.625,1.1877349391654208,8
deepseek-ai/DeepSeek-V3.1,anthropic/claude-sonnet-4-6,Claude-Sonnet-4.6,scaffold_Claude-Sonnet-4.6,task_dimension_3,6.25,0.8864052604279182,8
deepseek-ai/DeepSeek-V3.1,anthropic/claude-sonnet-4-6,Claude-Sonnet-4.6,scaffold_Claude-Sonnet-4.6,task_dimension_4,7.0,1.1952286093343938,8
deepseek-ai/DeepSeek-V3.1,anthropic/claude-sonnet-4-6,Claude-Sonnet-4.6,scaffold_Claude-Sonnet-4.6,task_dimension_5,6.875,0.3535533905932739,8
deepseek-ai/DeepSeek-V3.1,anthropic/claude-sonnet-4-6,Claude-Sonnet-4.6,scaffold_Claude-Sonnet-4.6,task_dimension_6,8.0,0.9258200997725516,8
deepseek-ai/DeepSeek-V3.1,google/gemini-3.1-pro,Gemini-3.1-Pro,scaffold_Gemini-3.1-Pro,general_accuracy_specificity,8.375,0.5175491695067659,8
deepseek-ai/DeepSeek-V3.1,google/gemini-3.1-pro,Gemini-3.1-Pro,scaffold_Gemini-3.1-Pro,general_instruction_following,9.0,0.0,8
deepseek-ai/DeepSeek-V3.1,google/gemini-3.1-pro,Gemini-3.1-Pro,scaffold_Gemini-3.1-Pro,general_organization_readability,8.375,0.5175491695067657,8
deepseek-ai/DeepSeek-V3.1,google/gemini-3.1-pro,Gemini-3.1-Pro,scaffold_Gemini-3.1-Pro,general_practical_usefulness,8.875,0.3535533905932738,8
deepseek-ai/DeepSeek-V3.1,google/gemini-3.1-pro,Gemini-3.1-Pro,scaffold_Gemini-3.1-Pro,general_tone_audience_fit,9.0,0.0,8
deepseek-ai/DeepSeek-V3.1,google/gemini-3.1-pro,Gemini-3.1-Pro,scaffold_Gemini-3.1-Pro,task_dimension_1,9.0,0.0,8
deepseek-ai/DeepSeek-V3.1,google/gemini-3.1-pro,Gemini-3.1-Pro,scaffold_Gemini-3.1-Pro,task_dimension_2,8.0,0.0,8
deepseek-ai/DeepSeek-V3.1,google/gemini-3.1-pro,Gemini-3.1-Pro,scaffold_Gemini-3.1-Pro,task_dimension_3,8.375,0.5175491695067657,8
deepseek-ai/DeepSeek-V3.1,google/gemini-3.1-pro,Gemini-3.1-Pro,scaffold_Gemini-3.1-Pro,task_dimension_4,8.875,0.3535533905932738,8
deepseek-ai/DeepSeek-V3.1,google/gemini-3.1-pro,Gemini-3.1-Pro,scaffold_Gemini-3.1-Pro,task_dimension_5,8.0,0.0,8
deepseek-ai/DeepSeek-V3.1,google/gemini-3.1-pro,Gemini-3.1-Pro,scaffold_Gemini-3.1-Pro,task_dimension_6,9.0,0.0,8
deepseek-ai/DeepSeek-V3.1,gpt-4.1,GPT-4.1,scaffold_GPT-4.1,general_accuracy_specificity,8.125,0.6408699444616559,8
deepseek-ai/DeepSeek-V3.1,gpt-4.1,GPT-4.1,scaffold_GPT-4.1,general_instruction_following,8.875,0.3535533905932738,8
deepseek-ai/DeepSeek-V3.1,gpt-4.1,GPT-4.1,scaffold_GPT-4.1,general_organization_readability,7.875,0.3535533905932738,8
deepseek-ai/DeepSeek-V3.1,gpt-4.1,GPT-4.1,scaffold_GPT-4.1,general_practical_usefulness,8.125,0.6408699444616559,8
deepseek-ai/DeepSeek-V3.1,gpt-4.1,GPT-4.1,scaffold_GPT-4.1,general_tone_audience_fit,8.75,0.46291004988627565,8
deepseek-ai/DeepSeek-V3.1,gpt-4.1,GPT-4.1,scaffold_GPT-4.1,task_dimension_1,8.75,0.46291004988627565,8
deepseek-ai/DeepSeek-V3.1,gpt-4.1,GPT-4.1,scaffold_GPT-4.1,task_dimension_2,7.875,0.3535533905932738,8
deepseek-ai/DeepSeek-V3.1,gpt-4.1,GPT-4.1,scaffold_GPT-4.1,task_dimension_3,8.125,0.6408699444616557,8
deepseek-ai/DeepSeek-V3.1,gpt-4.1,GPT-4.1,scaffold_GPT-4.1,task_dimension_4,8.0,0.5345224838248487,8
deepseek-ai/DeepSeek-V3.1,gpt-4.1,GPT-4.1,scaffold_GPT-4.1,task_dimension_5,7.75,0.46291004988627565,8
deepseek-ai/DeepSeek-V3.1,gpt-4.1,GPT-4.1,scaffold_GPT-4.1,task_dimension_6,8.75,0.46291004988627565,8
deepseek-ai/DeepSeek-V3.1,gpt-5-mini-2025-08-07,GPT-5-Mini,scaffold_GPT-5-Mini,general_accuracy_specificity,7.25,1.035098339013531,8
deepseek-ai/DeepSeek-V3.1,gpt-5-mini-2025-08-07,GPT-5-Mini,scaffold_GPT-5-Mini,general_instruction_following,8.375,0.744023809142845,8
deepseek-ai/DeepSeek-V3.1,gpt-5-mini-2025-08-07,GPT-5-Mini,scaffold_GPT-5-Mini,general_organization_readability,7.0,0.5345224838248488,8
deepseek-ai/DeepSeek-V3.1,gpt-5-mini-2025-08-07,GPT-5-Mini,scaffold_GPT-5-Mini,general_practical_usefulness,7.25,1.035098339013531,8
deepseek-ai/DeepSeek-V3.1,gpt-5-mini-2025-08-07,GPT-5-Mini,scaffold_GPT-5-Mini,general_tone_audience_fit,7.5,0.7559289460184543,8
deepseek-ai/DeepSeek-V3.1,gpt-5-mini-2025-08-07,GPT-5-Mini,scaffold_GPT-5-Mini,task_dimension_1,7.625,0.5175491695067657,8
deepseek-ai/DeepSeek-V3.1,gpt-5-mini-2025-08-07,GPT-5-Mini,scaffold_GPT-5-Mini,task_dimension_2,6.875,0.6408699444616559,8
deepseek-ai/DeepSeek-V3.1,gpt-5-mini-2025-08-07,GPT-5-Mini,scaffold_GPT-5-Mini,task_dimension_3,7.375,1.0606601717798212,8
deepseek-ai/DeepSeek-V3.1,gpt-5-mini-2025-08-07,GPT-5-Mini,scaffold_GPT-5-Mini,task_dimension_4,7.25,1.035098339013531,8
deepseek-ai/DeepSeek-V3.1,gpt-5-mini-2025-08-07,GPT-5-Mini,scaffold_GPT-5-Mini,task_dimension_5,7.0,0.0,8
deepseek-ai/DeepSeek-V3.1,gpt-5-mini-2025-08-07,GPT-5-Mini,scaffold_GPT-5-Mini,task_dimension_6,7.625,0.5175491695067657,8
deepseek-ai/DeepSeek-V3.1,o3-mini-2025-01-31,GPT-O3-Mini,scaffold_GPT-O3-Mini,general_accuracy_specificity,7.0,1.1952286093343936,8
deepseek-ai/DeepSeek-V3.1,o3-mini-2025-01-31,GPT-O3-Mini,scaffold_GPT-O3-Mini,general_instruction_following,7.75,1.164964745021435,8
deepseek-ai/DeepSeek-V3.1,o3-mini-2025-01-31,GPT-O3-Mini,scaffold_GPT-O3-Mini,general_organization_readability,7.75,0.8864052604279182,8
deepseek-ai/DeepSeek-V3.1,o3-mini-2025-01-31,GPT-O3-Mini,scaffold_GPT-O3-Mini,general_practical_usefulness,7.0,1.1952286093343936,8
deepseek-ai/DeepSeek-V3.1,o3-mini-2025-01-31,GPT-O3-Mini,scaffold_GPT-O3-Mini,general_tone_audience_fit,8.125,0.6408699444616557,8
deepseek-ai/DeepSeek-V3.1,o3-mini-2025-01-31,GPT-O3-Mini,scaffold_GPT-O3-Mini,task_dimension_1,7.875,0.8345229603962802,8
deepseek-ai/DeepSeek-V3.1,o3-mini-2025-01-31,GPT-O3-Mini,scaffold_GPT-O3-Mini,task_dimension_2,6.625,1.060660171779821,8
deepseek-ai/DeepSeek-V3.1,o3-mini-2025-01-31,GPT-O3-Mini,scaffold_GPT-O3-Mini,task_dimension_3,6.875,1.2464234547582247,8
deepseek-ai/DeepSeek-V3.1,o3-mini-2025-01-31,GPT-O3-Mini,scaffold_GPT-O3-Mini,task_dimension_4,6.875,1.2464234547582247,8
deepseek-ai/DeepSeek-V3.1,o3-mini-2025-01-31,GPT-O3-Mini,scaffold_GPT-O3-Mini,task_dimension_5,7.0,0.5345224838248488,8
deepseek-ai/DeepSeek-V3.1,o3-mini-2025-01-31,GPT-O3-Mini,scaffold_GPT-O3-Mini,task_dimension_6,7.75,0.8864052604279183,8
deepseek-ai/DeepSeek-V3.1,o4-mini-2025-04-16,GPT-O4-Mini,scaffold_GPT-O4-Mini,general_accuracy_specificity,7.625,0.7440238091428449,8
deepseek-ai/DeepSeek-V3.1,o4-mini-2025-04-16,GPT-O4-Mini,scaffold_GPT-O4-Mini,general_instruction_following,8.75,0.46291004988627577,8
deepseek-ai/DeepSeek-V3.1,o4-mini-2025-04-16,GPT-O4-Mini,scaffold_GPT-O4-Mini,general_organization_readability,7.875,0.3535533905932738,8
deepseek-ai/DeepSeek-V3.1,o4-mini-2025-04-16,GPT-O4-Mini,scaffold_GPT-O4-Mini,general_practical_usefulness,7.625,1.0606601717798212,8
deepseek-ai/DeepSeek-V3.1,o4-mini-2025-04-16,GPT-O4-Mini,scaffold_GPT-O4-Mini,general_tone_audience_fit,8.625,0.5175491695067659,8
deepseek-ai/DeepSeek-V3.1,o4-mini-2025-04-16,GPT-O4-Mini,scaffold_GPT-O4-Mini,task_dimension_1,8.5,0.5345224838248488,8
deepseek-ai/DeepSeek-V3.1,o4-mini-2025-04-16,GPT-O4-Mini,scaffold_GPT-O4-Mini,task_dimension_2,7.5,0.7559289460184543,8
deepseek-ai/DeepSeek-V3.1,o4-mini-2025-04-16,GPT-O4-Mini,scaffold_GPT-O4-Mini,task_dimension_3,7.5,0.7559289460184544,8
deepseek-ai/DeepSeek-V3.1,o4-mini-2025-04-16,GPT-O4-Mini,scaffold_GPT-O4-Mini,task_dimension_4,7.5,0.9258200997725514,8
deepseek-ai/DeepSeek-V3.1,o4-mini-2025-04-16,GPT-O4-Mini,scaffold_GPT-O4-Mini,task_dimension_5,7.25,0.4629100498862757,8
deepseek-ai/DeepSeek-V3.1,o4-mini-2025-04-16,GPT-O4-Mini,scaffold_GPT-O4-Mini,task_dimension_6,8.125,0.8345229603962803,8
deepseek-ai/DeepSeek-V3.1,openai/gpt-oss-120b,GPT-OSS-120B,scaffold_GPT-OSS-120B,general_accuracy_specificity,6.875,0.9910312089651149,8
deepseek-ai/DeepSeek-V3.1,openai/gpt-oss-120b,GPT-OSS-120B,scaffold_GPT-OSS-120B,general_instruction_following,7.75,1.0350983390135313,8
deepseek-ai/DeepSeek-V3.1,openai/gpt-oss-120b,GPT-OSS-120B,scaffold_GPT-OSS-120B,general_organization_readability,6.875,0.6408699444616557,8
deepseek-ai/DeepSeek-V3.1,openai/gpt-oss-120b,GPT-OSS-120B,scaffold_GPT-OSS-120B,general_practical_usefulness,6.875,0.9910312089651149,8
deepseek-ai/DeepSeek-V3.1,openai/gpt-oss-120b,GPT-OSS-120B,scaffold_GPT-OSS-120B,general_tone_audience_fit,7.375,0.9161253813129042,8
deepseek-ai/DeepSeek-V3.1,openai/gpt-oss-120b,GPT-OSS-120B,scaffold_GPT-OSS-120B,task_dimension_1,7.5,1.0690449676496976,8
deepseek-ai/DeepSeek-V3.1,openai/gpt-oss-120b,GPT-OSS-120B,scaffold_GPT-OSS-120B,task_dimension_2,6.75,0.8864052604279183,8
deepseek-ai/DeepSeek-V3.1,openai/gpt-oss-120b,GPT-OSS-120B,scaffold_GPT-OSS-120B,task_dimension_3,6.875,0.991031208965115,8
deepseek-ai/DeepSeek-V3.1,openai/gpt-oss-120b,GPT-OSS-120B,scaffold_GPT-OSS-120B,task_dimension_4,6.75,1.0350983390135313,8
deepseek-ai/DeepSeek-V3.1,openai/gpt-oss-120b,GPT-OSS-120B,scaffold_GPT-OSS-120B,task_dimension_5,6.625,0.9161253813129043,8
deepseek-ai/DeepSeek-V3.1,openai/gpt-oss-120b,GPT-OSS-120B,scaffold_GPT-OSS-120B,task_dimension_6,7.25,0.7071067811865476,8
deepseek-ai/DeepSeek-V3.1,plain,plain,plain,general_accuracy_specificity,6.375,0.7440238091428449,8
deepseek-ai/DeepSeek-V3.1,plain,plain,plain,general_instruction_following,7.375,0.5175491695067657,8
deepseek-ai/DeepSeek-V3.1,plain,plain,plain,general_organization_readability,6.75,0.4629100498862757,8
deepseek-ai/DeepSeek-V3.1,plain,plain,plain,general_practical_usefulness,6.375,0.7440238091428449,8
deepseek-ai/DeepSeek-V3.1,plain,plain,plain,general_tone_audience_fit,6.875,0.6408699444616559,8
deepseek-ai/DeepSeek-V3.1,plain,plain,plain,task_dimension_1,7.0,0.5345224838248488,8
deepseek-ai/DeepSeek-V3.1,plain,plain,plain,task_dimension_2,6.125,0.6408699444616557,8
deepseek-ai/DeepSeek-V3.1,plain,plain,plain,task_dimension_3,6.5,0.7559289460184544,8
deepseek-ai/DeepSeek-V3.1,plain,plain,plain,task_dimension_4,6.125,0.8345229603962802,8
deepseek-ai/DeepSeek-V3.1,plain,plain,plain,task_dimension_5,6.25,1.0350983390135313,8
deepseek-ai/DeepSeek-V3.1,plain,plain,plain,task_dimension_6,7.0,0.5345224838248488,8
google/gemini-3.1-pro,anthropic/claude-opus-4-8,Claude-Opus-4.8,scaffold_Claude-Opus-4.8,general_accuracy_specificity,5.125,0.9910312089651151,8
google/gemini-3.1-pro,anthropic/claude-opus-4-8,Claude-Opus-4.8,scaffold_Claude-Opus-4.8,general_instruction_following,5.875,0.6408699444616557,8
google/gemini-3.1-pro,anthropic/claude-opus-4-8,Claude-Opus-4.8,scaffold_Claude-Opus-4.8,general_organization_readability,7.75,0.46291004988627565,8
google/gemini-3.1-pro,anthropic/claude-opus-4-8,Claude-Opus-4.8,scaffold_Claude-Opus-4.8,general_practical_usefulness,3.75,0.7071067811865476,8
google/gemini-3.1-pro,anthropic/claude-opus-4-8,Claude-Opus-4.8,scaffold_Claude-Opus-4.8,general_tone_audience_fit,6.625,0.9161253813129043,8
google/gemini-3.1-pro,anthropic/claude-opus-4-8,Claude-Opus-4.8,scaffold_Claude-Opus-4.8,task_dimension_1,7.875,0.6408699444616557,8
google/gemini-3.1-pro,anthropic/claude-opus-4-8,Claude-Opus-4.8,scaffold_Claude-Opus-4.8,task_dimension_2,7.75,1.2817398889233118,8
google/gemini-3.1-pro,anthropic/claude-opus-4-8,Claude-Opus-4.8,scaffold_Claude-Opus-4.8,task_dimension_3,4.25,1.2817398889233114,8
google/gemini-3.1-pro,anthropic/claude-opus-4-8,Claude-Opus-4.8,scaffold_Claude-Opus-4.8,task_dimension_4,2.625,0.7440238091428449,8
google/gemini-3.1-pro,anthropic/claude-opus-4-8,Claude-Opus-4.8,scaffold_Claude-Opus-4.8,task_dimension_5,9.0,0.0,8
google/gemini-3.1-pro,anthropic/claude-opus-4-8,Claude-Opus-4.8,scaffold_Claude-Opus-4.8,task_dimension_6,8.25,0.4629100498862759,8
google/gemini-3.1-pro,anthropic/claude-sonnet-4-6,Claude-Sonnet-4.6,scaffold_Claude-Sonnet-4.6,general_accuracy_specificity,7.75,0.4629100498862757,8
google/gemini-3.1-pro,anthropic/claude-sonnet-4-6,Claude-Sonnet-4.6,scaffold_Claude-Sonnet-4.6,general_instruction_following,8.125,0.9910312089651149,8
google/gemini-3.1-pro,anthropic/claude-sonnet-4-6,Claude-Sonnet-4.6,scaffold_Claude-Sonnet-4.6,general_organization_readability,8.75,0.4629100498862758,8
google/gemini-3.1-pro,anthropic/claude-sonnet-4-6,Claude-Sonnet-4.6,scaffold_Claude-Sonnet-4.6,general_practical_usefulness,8.0,0.5345224838248487,8
google/gemini-3.1-pro,anthropic/claude-sonnet-4-6,Claude-Sonnet-4.6,scaffold_Claude-Sonnet-4.6,general_tone_audience_fit,8.75,0.4629100498862758,8
google/gemini-3.1-pro,anthropic/claude-sonnet-4-6,Claude-Sonnet-4.6,scaffold_Claude-Sonnet-4.6,task_dimension_1,9.0,0.0,8
google/gemini-3.1-pro,anthropic/claude-sonnet-4-6,Claude-Sonnet-4.6,scaffold_Claude-Sonnet-4.6,task_dimension_2,7.625,0.7440238091428449,8
google/gemini-3.1-pro,anthropic/claude-sonnet-4-6,Claude-Sonnet-4.6,scaffold_Claude-Sonnet-4.6,task_dimension_3,7.75,1.164964745021435,8
google/gemini-3.1-pro,anthropic/claude-sonnet-4-6,Claude-Sonnet-4.6,scaffold_Claude-Sonnet-4.6,task_dimension_4,7.875,0.3535533905932738,8
google/gemini-3.1-pro,anthropic/claude-sonnet-4-6,Claude-Sonnet-4.6,scaffold_Claude-Sonnet-4.6,task_dimension_5,9.0,0.0,8
google/gemini-3.1-pro,anthropic/claude-sonnet-4-6,Claude-Sonnet-4.6,scaffold_Claude-Sonnet-4.6,task_dimension_6,8.875,0.35355339059327384,8
google/gemini-3.1-pro,deepseek-ai/DeepSeek-V3.1,DeepSeek-V3.1,scaffold_DeepSeek-V3.1,general_accuracy_specificity,5.375,1.302470180629319,8
google/gemini-3.1-pro,deepseek-ai/DeepSeek-V3.1,DeepSeek-V3.1,scaffold_DeepSeek-V3.1,general_instruction_following,6.0,0.9258200997725512,8
google/gemini-3.1-pro,deepseek-ai/DeepSeek-V3.1,DeepSeek-V3.1,scaffold_DeepSeek-V3.1,general_organization_readability,7.875,0.35355339059327373,8
google/gemini-3.1-pro,deepseek-ai/DeepSeek-V3.1,DeepSeek-V3.1,scaffold_DeepSeek-V3.1,general_practical_usefulness,4.125,0.6408699444616559,8
google/gemini-3.1-pro,deepseek-ai/DeepSeek-V3.1,DeepSeek-V3.1,scaffold_DeepSeek-V3.1,general_tone_audience_fit,6.625,1.3024701806293193,8
google/gemini-3.1-pro,deepseek-ai/DeepSeek-V3.1,DeepSeek-V3.1,scaffold_DeepSeek-V3.1,task_dimension_1,8.5,0.7559289460184546,8
google/gemini-3.1-pro,deepseek-ai/DeepSeek-V3.1,DeepSeek-V3.1,scaffold_DeepSeek-V3.1,task_dimension_2,8.25,1.164964745021435,8
google/gemini-3.1-pro,deepseek-ai/DeepSeek-V3.1,DeepSeek-V3.1,scaffold_DeepSeek-V3.1,task_dimension_3,4.5,0.9258200997725514,8
google/gemini-3.1-pro,deepseek-ai/DeepSeek-V3.1,DeepSeek-V3.1,scaffold_DeepSeek-V3.1,task_dimension_4,2.625,0.5175491695067655,8
google/gemini-3.1-pro,deepseek-ai/DeepSeek-V3.1,DeepSeek-V3.1,scaffold_DeepSeek-V3.1,task_dimension_5,8.875,0.35355339059327384,8
google/gemini-3.1-pro,deepseek-ai/DeepSeek-V3.1,DeepSeek-V3.1,scaffold_DeepSeek-V3.1,task_dimension_6,8.5,0.7559289460184546,8
google/gemini-3.1-pro,gpt-4.1,GPT-4.1,scaffold_GPT-4.1,general_accuracy_specificity,7.75,1.0350983390135313,8
google/gemini-3.1-pro,gpt-4.1,GPT-4.1,scaffold_GPT-4.1,general_instruction_following,8.625,0.9161253813129043,8
google/gemini-3.1-pro,gpt-4.1,GPT-4.1,scaffold_GPT-4.1,general_organization_readability,8.625,0.9161253813129043,8
google/gemini-3.1-pro,gpt-4.1,GPT-4.1,scaffold_GPT-4.1,general_practical_usefulness,7.625,0.9161253813129043,8
google/gemini-3.1-pro,gpt-4.1,GPT-4.1,scaffold_GPT-4.1,general_tone_audience_fit,8.125,1.246423454758225,8
google/gemini-3.1-pro,gpt-4.1,GPT-4.1,scaffold_GPT-4.1,task_dimension_1,8.625,0.9161253813129043,8
google/gemini-3.1-pro,gpt-4.1,GPT-4.1,scaffold_GPT-4.1,task_dimension_2,8.5,1.3093073414159542,8
google/gemini-3.1-pro,gpt-4.1,GPT-4.1,scaffold_GPT-4.1,task_dimension_3,7.25,1.5811388300841893,8
google/gemini-3.1-pro,gpt-4.1,GPT-4.1,scaffold_GPT-4.1,task_dimension_4,7.5,0.9258200997725515,8
google/gemini-3.1-pro,gpt-4.1,GPT-4.1,scaffold_GPT-4.1,task_dimension_5,8.875,0.6408699444616558,8
google/gemini-3.1-pro,gpt-4.1,GPT-4.1,scaffold_GPT-4.1,task_dimension_6,8.75,0.8864052604279183,8
google/gemini-3.1-pro,gpt-5-mini-2025-08-07,GPT-5-Mini,scaffold_GPT-5-Mini,general_accuracy_specificity,6.625,1.3024701806293193,8
google/gemini-3.1-pro,gpt-5-mini-2025-08-07,GPT-5-Mini,scaffold_GPT-5-Mini,general_instruction_following,7.5,1.414213562373095,8
google/gemini-3.1-pro,gpt-5-mini-2025-08-07,GPT-5-Mini,scaffold_GPT-5-Mini,general_organization_readability,7.375,0.7440238091428447,8
google/gemini-3.1-pro,gpt-5-mini-2025-08-07,GPT-5-Mini,scaffold_GPT-5-Mini,general_practical_usefulness,5.75,1.6690459207925603,8
google/gemini-3.1-pro,gpt-5-mini-2025-08-07,GPT-5-Mini,scaffold_GPT-5-Mini,general_tone_audience_fit,4.75,1.8322507626258087,8
google/gemini-3.1-pro,gpt-5-mini-2025-08-07,GPT-5-Mini,scaffold_GPT-5-Mini,task_dimension_1,5.875,1.642080561796093,8
google/gemini-3.1-pro,gpt-5-mini-2025-08-07,GPT-5-Mini,scaffold_GPT-5-Mini,task_dimension_2,7.0,1.6035674514745462,8
google/gemini-3.1-pro,gpt-5-mini-2025-08-07,GPT-5-Mini,scaffold_GPT-5-Mini,task_dimension_3,5.75,1.7525491637693285,8
google/gemini-3.1-pro,gpt-5-mini-2025-08-07,GPT-5-Mini,scaffold_GPT-5-Mini,task_dimension_4,6.875,0.8345229603962802,8
google/gemini-3.1-pro,gpt-5-mini-2025-08-07,GPT-5-Mini,scaffold_GPT-5-Mini,task_dimension_5,8.75,0.4629100498862758,8
google/gemini-3.1-pro,gpt-5-mini-2025-08-07,GPT-5-Mini,scaffold_GPT-5-Mini,task_dimension_6,7.75,0.8864052604279183,8
google/gemini-3.1-pro,o3-mini-2025-01-31,GPT-O3-Mini,scaffold_GPT-O3-Mini,general_accuracy_specificity,7.5,0.5345224838248488,8
google/gemini-3.1-pro,o3-mini-2025-01-31,GPT-O3-Mini,scaffold_GPT-O3-Mini,general_instruction_following,8.25,0.7071067811865475,8
google/gemini-3.1-pro,o3-mini-2025-01-31,GPT-O3-Mini,scaffold_GPT-O3-Mini,general_organization_readability,8.75,0.46291004988627593,8
google/gemini-3.1-pro,o3-mini-2025-01-31,GPT-O3-Mini,scaffold_GPT-O3-Mini,general_practical_usefulness,7.875,0.6408699444616557,8
google/gemini-3.1-pro,o3-mini-2025-01-31,GPT-O3-Mini,scaffold_GPT-O3-Mini,general_tone_audience_fit,8.375,1.060660171779821,8
google/gemini-3.1-pro,o3-mini-2025-01-31,GPT-O3-Mini,scaffold_GPT-O3-Mini,task_dimension_1,8.75,0.46291004988627593,8
google/gemini-3.1-pro,o3-mini-2025-01-31,GPT-O3-Mini,scaffold_GPT-O3-Mini,task_dimension_2,7.75,0.8864052604279185,8
google/gemini-3.1-pro,o3-mini-2025-01-31,GPT-O3-Mini,scaffold_GPT-O3-Mini,task_dimension_3,7.625,0.744023809142845,8
google/gemini-3.1-pro,o3-mini-2025-01-31,GPT-O3-Mini,scaffold_GPT-O3-Mini,task_dimension_4,7.5,0.5345224838248488,8
google/gemini-3.1-pro,o3-mini-2025-01-31,GPT-O3-Mini,scaffold_GPT-O3-Mini,task_dimension_5,9.0,0.0,8
google/gemini-3.1-pro,o3-mini-2025-01-31,GPT-O3-Mini,scaffold_GPT-O3-Mini,task_dimension_6,8.75,0.46291004988627593,8
google/gemini-3.1-pro,o4-mini-2025-04-16,GPT-O4-Mini,scaffold_GPT-O4-Mini,general_accuracy_specificity,6.25,0.7071067811865477,8
google/gemini-3.1-pro,o4-mini-2025-04-16,GPT-O4-Mini,scaffold_GPT-O4-Mini,general_instruction_following,7.375,0.5175491695067657,8
google/gemini-3.1-pro,o4-mini-2025-04-16,GPT-O4-Mini,scaffold_GPT-O4-Mini,general_organization_readability,7.75,0.4629100498862757,8
google/gemini-3.1-pro,o4-mini-2025-04-16,GPT-O4-Mini,scaffold_GPT-O4-Mini,general_practical_usefulness,5.75,0.7071067811865476,8
google/gemini-3.1-pro,o4-mini-2025-04-16,GPT-O4-Mini,scaffold_GPT-O4-Mini,general_tone_audience_fit,6.5,1.6903085094570331,8
google/gemini-3.1-pro,o4-mini-2025-04-16,GPT-O4-Mini,scaffold_GPT-O4-Mini,task_dimension_1,8.125,0.3535533905932736,8
google/gemini-3.1-pro,o4-mini-2025-04-16,GPT-O4-Mini,scaffold_GPT-O4-Mini,task_dimension_2,8.125,0.3535533905932736,8
google/gemini-3.1-pro,o4-mini-2025-04-16,GPT-O4-Mini,scaffold_GPT-O4-Mini,task_dimension_3,4.625,0.7440238091428449,8
google/gemini-3.1-pro,o4-mini-2025-04-16,GPT-O4-Mini,scaffold_GPT-O4-Mini,task_dimension_4,5.5,0.5345224838248488,8
google/gemini-3.1-pro,o4-mini-2025-04-16,GPT-O4-Mini,scaffold_GPT-O4-Mini,task_dimension_5,9.0,0.0,8
google/gemini-3.1-pro,o4-mini-2025-04-16,GPT-O4-Mini,scaffold_GPT-O4-Mini,task_dimension_6,8.5,0.5345224838248488,8
google/gemini-3.1-pro,openai/gpt-oss-120b,GPT-OSS-120B,scaffold_GPT-OSS-120B,general_accuracy_specificity,5.875,0.9910312089651149,8
google/gemini-3.1-pro,openai/gpt-oss-120b,GPT-OSS-120B,scaffold_GPT-OSS-120B,general_instruction_following,7.0,1.3093073414159542,8
google/gemini-3.1-pro,openai/gpt-oss-120b,GPT-OSS-120B,scaffold_GPT-OSS-120B,general_organization_readability,6.875,0.6408699444616557,8
google/gemini-3.1-pro,openai/gpt-oss-120b,GPT-OSS-120B,scaffold_GPT-OSS-120B,general_practical_usefulness,5.125,1.246423454758225,8
google/gemini-3.1-pro,openai/gpt-oss-120b,GPT-OSS-120B,scaffold_GPT-OSS-120B,general_tone_audience_fit,3.875,0.8345229603962802,8
google/gemini-3.1-pro,openai/gpt-oss-120b,GPT-OSS-120B,scaffold_GPT-OSS-120B,task_dimension_1,5.375,1.1877349391654208,8
google/gemini-3.1-pro,openai/gpt-oss-120b,GPT-OSS-120B,scaffold_GPT-OSS-120B,task_dimension_2,6.125,1.552647508520297,8
google/gemini-3.1-pro,openai/gpt-oss-120b,GPT-OSS-120B,scaffold_GPT-OSS-120B,task_dimension_3,5.0,1.5118578920369088,8
google/gemini-3.1-pro,openai/gpt-oss-120b,GPT-OSS-120B,scaffold_GPT-OSS-120B,task_dimension_4,5.875,0.6408699444616557,8
google/gemini-3.1-pro,openai/gpt-oss-120b,GPT-OSS-120B,scaffold_GPT-OSS-120B,task_dimension_5,8.5,0.5345224838248488,8
google/gemini-3.1-pro,openai/gpt-oss-120b,GPT-OSS-120B,scaffold_GPT-OSS-120B,task_dimension_6,7.375,0.7440238091428448,8
google/gemini-3.1-pro,plain,plain,plain,general_accuracy_specificity,6.125,0.3535533905932738,8
google/gemini-3.1-pro,plain,plain,plain,general_instruction_following,6.75,0.46291004988627604,8
google/gemini-3.1-pro,plain,plain,plain,general_organization_readability,7.625,0.5175491695067657,8
google/gemini-3.1-pro,plain,plain,plain,general_practical_usefulness,6.25,0.46291004988627593,8
google/gemini-3.1-pro,plain,plain,plain,general_tone_audience_fit,6.125,1.246423454758225,8
google/gemini-3.1-pro,plain,plain,plain,task_dimension_1,7.0,0.9258200997725514,8
google/gemini-3.1-pro,plain,plain,plain,task_dimension_2,6.625,1.1877349391654208,8
google/gemini-3.1-pro,plain,plain,plain,task_dimension_3,5.25,0.7071067811865477,8
google/gemini-3.1-pro,plain,plain,plain,task_dimension_4,6.125,0.3535533905932738,8
google/gemini-3.1-pro,plain,plain,plain,task_dimension_5,8.875,0.35355339059327384,8
google/gemini-3.1-pro,plain,plain,plain,task_dimension_6,8.0,0.5345224838248485,8
gpt-4.1,anthropic/claude-opus-4-8,Claude-Opus-4.8,scaffold_Claude-Opus-4.8,general_accuracy_specificity,6.0,1.1547005383792515,4
gpt-4.1,anthropic/claude-opus-4-8,Claude-Opus-4.8,scaffold_Claude-Opus-4.8,general_instruction_following,7.0,1.1547005383792515,4
gpt-4.1,anthropic/claude-opus-4-8,Claude-Opus-4.8,scaffold_Claude-Opus-4.8,general_organization_readability,5.5,0.5773502691896257,4
gpt-4.1,anthropic/claude-opus-4-8,Claude-Opus-4.8,scaffold_Claude-Opus-4.8,general_practical_usefulness,6.0,1.1547005383792515,4
gpt-4.1,anthropic/claude-opus-4-8,Claude-Opus-4.8,scaffold_Claude-Opus-4.8,general_tone_audience_fit,6.0,1.1547005383792515,4
gpt-4.1,anthropic/claude-opus-4-8,Claude-Opus-4.8,scaffold_Claude-Opus-4.8,task_dimension_1,6.0,1.1547005383792515,4
gpt-4.1,anthropic/claude-opus-4-8,Claude-Opus-4.8,scaffold_Claude-Opus-4.8,task_dimension_2,5.0,1.1547005383792515,4
gpt-4.1,anthropic/claude-opus-4-8,Claude-Opus-4.8,scaffold_Claude-Opus-4.8,task_dimension_3,7.0,1.1547005383792515,4
gpt-4.1,anthropic/claude-opus-4-8,Claude-Opus-4.8,scaffold_Claude-Opus-4.8,task_dimension_4,6.0,1.1547005383792515,4
gpt-4.1,anthropic/claude-opus-4-8,Claude-Opus-4.8,scaffold_Claude-Opus-4.8,task_dimension_5,5.0,1.1547005383792515,4
gpt-4.1,anthropic/claude-opus-4-8,Claude-Opus-4.8,scaffold_Claude-Opus-4.8,task_dimension_6,6.0,1.1547005383792515,4
gpt-4.1,anthropic/claude-sonnet-4-6,Claude-Sonnet-4.6,scaffold_Claude-Sonnet-4.6,general_accuracy_specificity,6.0,1.1547005383792515,4
gpt-4.1,anthropic/claude-sonnet-4-6,Claude-Sonnet-4.6,scaffold_Claude-Sonnet-4.6,general_instruction_following,7.0,1.1547005383792515,4
gpt-4.1,anthropic/claude-sonnet-4-6,Claude-Sonnet-4.6,scaffold_Claude-Sonnet-4.6,general_organization_readability,5.5,0.5773502691896257,4
gpt-4.1,anthropic/claude-sonnet-4-6,Claude-Sonnet-4.6,scaffold_Claude-Sonnet-4.6,general_practical_usefulness,6.0,1.1547005383792515,4
gpt-4.1,anthropic/claude-sonnet-4-6,Claude-Sonnet-4.6,scaffold_Claude-Sonnet-4.6,general_tone_audience_fit,6.0,1.1547005383792515,4
gpt-4.1,anthropic/claude-sonnet-4-6,Claude-Sonnet-4.6,scaffold_Claude-Sonnet-4.6,task_dimension_1,6.0,1.1547005383792515,4
gpt-4.1,anthropic/claude-sonnet-4-6,Claude-Sonnet-4.6,scaffold_Claude-Sonnet-4.6,task_dimension_2,5.0,1.1547005383792515,4
gpt-4.1,anthropic/claude-sonnet-4-6,Claude-Sonnet-4.6,scaffold_Claude-Sonnet-4.6,task_dimension_3,7.0,1.1547005383792515,4
gpt-4.1,anthropic/claude-sonnet-4-6,Claude-Sonnet-4.6,scaffold_Claude-Sonnet-4.6,task_dimension_4,6.0,1.1547005383792515,4
gpt-4.1,anthropic/claude-sonnet-4-6,Claude-Sonnet-4.6,scaffold_Claude-Sonnet-4.6,task_dimension_5,5.0,1.1547005383792515,4
gpt-4.1,anthropic/claude-sonnet-4-6,Claude-Sonnet-4.6,scaffold_Claude-Sonnet-4.6,task_dimension_6,6.0,1.1547005383792515,4
gpt-4.1,deepseek-ai/DeepSeek-V3.1,DeepSeek-V3.1,scaffold_DeepSeek-V3.1,general_accuracy_specificity,5.5,1.0,4
gpt-4.1,deepseek-ai/DeepSeek-V3.1,DeepSeek-V3.1,scaffold_DeepSeek-V3.1,general_instruction_following,6.5,1.0,4
gpt-4.1,deepseek-ai/DeepSeek-V3.1,DeepSeek-V3.1,scaffold_DeepSeek-V3.1,general_organization_readability,5.25,0.4999999999999999,4
gpt-4.1,deepseek-ai/DeepSeek-V3.1,DeepSeek-V3.1,scaffold_DeepSeek-V3.1,general_practical_usefulness,5.5,1.0,4
gpt-4.1,deepseek-ai/DeepSeek-V3.1,DeepSeek-V3.1,scaffold_DeepSeek-V3.1,general_tone_audience_fit,5.5,1.0,4
gpt-4.1,deepseek-ai/DeepSeek-V3.1,DeepSeek-V3.1,scaffold_DeepSeek-V3.1,task_dimension_1,5.5,1.0,4
gpt-4.1,deepseek-ai/DeepSeek-V3.1,DeepSeek-V3.1,scaffold_DeepSeek-V3.1,task_dimension_2,4.5,1.0,4
gpt-4.1,deepseek-ai/DeepSeek-V3.1,DeepSeek-V3.1,scaffold_DeepSeek-V3.1,task_dimension_3,6.5,1.0,4
gpt-4.1,deepseek-ai/DeepSeek-V3.1,DeepSeek-V3.1,scaffold_DeepSeek-V3.1,task_dimension_4,5.5,1.0,4
gpt-4.1,deepseek-ai/DeepSeek-V3.1,DeepSeek-V3.1,scaffold_DeepSeek-V3.1,task_dimension_5,4.5,1.0,4
gpt-4.1,deepseek-ai/DeepSeek-V3.1,DeepSeek-V3.1,scaffold_DeepSeek-V3.1,task_dimension_6,5.5,1.0,4
gpt-4.1,google/gemini-3.1-pro,Gemini-3.1-Pro,scaffold_Gemini-3.1-Pro,general_accuracy_specificity,6.0,1.1547005383792515,4
gpt-4.1,google/gemini-3.1-pro,Gemini-3.1-Pro,scaffold_Gemini-3.1-Pro,general_instruction_following,7.0,1.1547005383792515,4
gpt-4.1,google/gemini-3.1-pro,Gemini-3.1-Pro,scaffold_Gemini-3.1-Pro,general_organization_readability,5.5,0.5773502691896257,4
gpt-4.1,google/gemini-3.1-pro,Gemini-3.1-Pro,scaffold_Gemini-3.1-Pro,general_practical_usefulness,6.0,1.1547005383792515,4
gpt-4.1,google/gemini-3.1-pro,Gemini-3.1-Pro,scaffold_Gemini-3.1-Pro,general_tone_audience_fit,6.0,1.1547005383792515,4
gpt-4.1,google/gemini-3.1-pro,Gemini-3.1-Pro,scaffold_Gemini-3.1-Pro,task_dimension_1,6.0,1.1547005383792515,4
gpt-4.1,google/gemini-3.1-pro,Gemini-3.1-Pro,scaffold_Gemini-3.1-Pro,task_dimension_2,5.0,1.1547005383792515,4
gpt-4.1,google/gemini-3.1-pro,Gemini-3.1-Pro,scaffold_Gemini-3.1-Pro,task_dimension_3,7.0,1.1547005383792515,4
gpt-4.1,google/gemini-3.1-pro,Gemini-3.1-Pro,scaffold_Gemini-3.1-Pro,task_dimension_4,6.0,1.1547005383792515,4
gpt-4.1,google/gemini-3.1-pro,Gemini-3.1-Pro,scaffold_Gemini-3.1-Pro,task_dimension_5,5.0,1.1547005383792515,4
gpt-4.1,google/gemini-3.1-pro,Gemini-3.1-Pro,scaffold_Gemini-3.1-Pro,task_dimension_6,6.0,1.1547005383792515,4
gpt-4.1,plain,plain,plain,general_accuracy_specificity,6.5,1.0,4
gpt-4.1,plain,plain,plain,general_instruction_following,7.5,1.0,4
gpt-4.1,plain,plain,plain,general_organization_readability,5.75,0.4999999999999999,4
gpt-4.1,plain,plain,plain,general_practical_usefulness,6.5,1.0,4
gpt-4.1,plain,plain,plain,general_tone_audience_fit,6.5,1.0,4
gpt-4.1,plain,plain,plain,task_dimension_1,6.5,1.0,4
gpt-4.1,plain,plain,plain,task_dimension_2,5.5,1.0,4
gpt-4.1,plain,plain,plain,task_dimension_3,7.5,1.0,4
gpt-4.1,plain,plain,plain,task_dimension_4,6.5,1.0,4
gpt-4.1,plain,plain,plain,task_dimension_5,5.5,1.0,4
gpt-4.1,plain,plain,plain,task_dimension_6,6.5,1.0,4
